standart_name,
ABPM50,
AEOLUS,
Antropometri KIT,
APD,
ASL 300,
BABY DIGIT ONE,
BABY ONE,
BACKUP POWER BK-01,
BB-200,
BB-500,
BL-10,
BL-50,
BL-50B,
BL-200,
BL-360,
BN-100,
BODY FAT PRO,
BPM PRO,
BPM PRO2,
BPM-001,
BPM-002,
BR-100,
BT-100,
CMS,
CMS 600+,
CP1-01,
CP-501,
CP-503,
DEHIDRATOR,
DEHUMIDIFIER,
DIGIT-ONE,
DIGIT-ONE BABY,
DIGIT-PRO BABY,
DIGIT-PROM BMI + BODY FAT,
DIGIT-PROM BMI + BODY FAT + BLUETOOTH,
DIGIT-PRO IDA,
DIGIT-PRO NEW,
DP1,
DS001,
DS-PRO100,
DY-618EB,
ECG-100G,
ECG-300G,
ECG-1200 MED,
ECG-1200 PRO,
ECG-1200G,
ECG-1800G MED,
ECG-8000,
EEG,
EEG-32,
EHS-12 (ECG HOLTER),
FISH WASHER,
FLOOD LIGHT,
FOX-1,
FOX-1 (N),
FOX-2,
FOX-3,
FOX-BABY,
FOX-PRO,
GAS MEDIK,
GET 338 U,
GET 338 UO,
GET-80C,
GET100-E,
GET-160,
HRA,
INSTALASI PATIENT CARE VIEWER,
KIPAS ANGIN PAORI,
KJF-B100,
KJF-Y100,
KJG,
KJG-200,
KJG-218,
KURSI RODA (WHEELCHAIR),
LAMPU,
LED LUMINIER,
LEMARI STERIL GET 160,
MAC-01,
MAC-02,
MAP 380,
MATERNAL MED-02,
MEDICAL INFUSION PUMP (MIP-01),
MEDICAL SYRINGE PUMP (MSP-01),
MED-S100,
MED-S200,
MED-S400,
MEL-01,
MEL-02,
MFT-01,
MOC-A,
MOC-B,
MOC-C,
MOC-D,
MOC-E,
MOC-F,
MOC-G,
MOL-01,
MOL-02 DUA LENGAN,
MOL-02 SATU LENGAN,
MOL-02-DUA LENGAN + CAMERA + MONITOR,
MSM-01,
MSM-02,
MTB-2MTR,
MTR-BABY001,
MTR-BABY002,
MUV-01,
MUV-02,
NEEDLE DESTROYER,
NEOHIF,
NL72,
ONE STATION,
OW-2TB,
OW-4TB,
OXA-01,
OXYGEN BLENDER,
OXYGEN GENERATOR,
OZONE GENERATOR (OZ),
OZONE GENERATOR (SOZ),
PATIENT CARE,
PM PRO 1,
PM PRO 2,
PM PRO 3,
PM PRO 4,
PM50,
PM-6500,
PM-8500,
PM9000+,
POWER ADAPTOR,
PRO SCANNER,
PROMIST-1,
PROMIST-2,
PROMIST-3,
PTB-2IN1,
PTB-2MTR,
PWS,
REPEATER,
RHU,
RLD 68,
SONOTRAX A,
SONOTRAX MED-01,
SONOTRAX-A,
SONOTRAX-B,
SONOTRAX-C,
SONOTRAX-D,
SONOTRAX-E,
SONOTRAX-PRO,
SONOTRAX-PRO 2,
SONOTRAX- PRO TFT (TOCO),
SP10,
SP100B,
STHETHOSCOPE,
TENSIONE,
TENSI-Q,
THERM ONE,
THM001,
TOP-308,
TS-2,
TS-5830,
TS-8830,
ULTRAMIST,
ULTRASONIC CLEANER,
UPS,
USG PRA ONE,
USG PRAONE,
USG PREMIERE 01,
USG PREMIERE 02,
USG PREMIERE 03,
USG PROMAX,
UV,
VIDIO COLPOSCOPE,
VS 5000,
VS 6000,
WH2000,
X-RAY,
ZLD,
ZTD,
ZTP 80 ECO,
ZTP 80A-UPGRADE,
ZTP 300,
ZTP 368,
